Sign_ID,ID,Easting,Northing,Altitude,Retro,Angle,Distance,UTC,Long,Lat
0,28241825,753617.991,3753376.601,294.524,0.059,0.04772,34.838,62621.8954,-84.25758657,33.89028056
0,28241826,753618.015,3753376.571,294.166,0.059,0.03743,34.867,62621.89544,-84.25758632,33.89028028
0,28241899,753618.194,3753376.476,294.526,0.071,0.04762,34.736,62621.90871,-84.25758442,33.89027938
0,28241900,753618.228,3753376.425,294.17,0.067,0.03733,34.788,62621.90874,-84.25758406,33.89027891
0,28241901,753618.179,3753376.539,293.811,0.031,0.02704,34.658,62621.90877,-84.25758456,33.89027995
0,28241902,753618.232,3753376.45,293.454,0.027,0.01675,34.759,62621.90881,-84.25758401,33.89027914
0,28241971,753618.231,3753376.662,294.875,0.059,0.05791,34.294,62621.92199,-84.25758396,33.89028104
0,28241972,753618.245,3753376.649,294.522,0.059,0.04762,34.299,62621.92202,-84.25758381,33.89028093
0,28241973,753618.265,3753376.627,294.17,0.059,0.03733,34.318,62621.92205,-84.25758361,33.89028073
0,28241974,753618.306,3753376.562,293.818,0.071,0.02704,34.389,62621.92208,-84.25758318,33.89028013
0,28241975,753618.283,3753376.623,293.464,0.071,0.01675,34.322,62621.92212,-84.25758341,33.89028069
0,28242044,753618.429,3753376.546,294.883,0.082,0.05801,34.181,62621.9353,-84.25758186,33.89027996
0,28242045,753618.379,3753376.66,294.527,0.063,0.04772,34.044,62621.93533,-84.25758236,33.89028099
0,28242046,753618.413,3753376.61,294.178,0.071,0.03743,34.095,62621.93536,-84.25758201,33.89028053
0,28242047,753618.353,3753376.744,293.826,0.098,0.02714,33.942,62621.93539,-84.25758263,33.89028176
0,28242048,753618.42,3753376.627,293.476,0.082,0.01685,34.075,62621.93543,-84.25758193,33.89028069
0,28242049,753618.349,3753376.783,293.128,0.051,0.00656,33.906,62621.93546,-84.25758265,33.8902821
0,28242116,753618.448,3753376.768,295.215,0.047,0.0682,33.702,62621.94857,-84.25758159,33.89028195
0,28242117,753618.424,3753376.831,294.866,0.086,0.05791,33.619,62621.9486,-84.25758183,33.89028252
0,28242118,753618.491,3753376.714,294.524,0.11,0.04762,33.741,62621.94864,-84.25758114,33.89028145
0,28242119,753618.498,3753376.716,294.176,0.094,0.03733,33.733,62621.94867,-84.25758106,33.89028147
0,28242120,753618.482,3753376.764,293.829,0.098,0.02704,33.677,62621.9487,-84.25758123,33.89028191
0,28242121,753618.523,3753376.699,293.482,0.094,0.01675,33.752,62621.94873,-84.2575808,33.89028131
0,28242122,753618.571,3753376.62,293.134,0.09,0.00645,33.846,62621.94877,-84.2575803,33.89028058
0,28242123,753618.624,3753376.531,292.783,0.055,-0.00384,33.954,62621.9488,-84.25757975,33.89027977
0,28242189,753618.547,3753376.848,295.208,0.059,0.0682,33.369,62621.96188,-84.2575805,33.89028265
0,28242190,753618.568,3753376.821,294.865,0.086,0.05791,33.387,62621.96191,-84.25758027,33.8902824
0,28242191,753618.617,3753376.74,294.524,0.086,0.04762,33.469,62621.96194,-84.25757977,33.89028166
0,28242192,753618.608,3753376.773,294.179,0.106,0.03733,33.426,62621.96198,-84.25757985,33.89028196
0,28242193,753618.622,3753376.762,293.836,0.09,0.02704,33.437,62621.96201,-84.25757971,33.89028185
0,28242194,753618.601,3753376.819,293.492,0.11,0.01675,33.375,62621.96204,-84.25757992,33.89028237
0,28242195,753618.632,3753376.774,293.148,0.078,0.00645,33.43,62621.96207,-84.2575796,33.89028196
0,28242196,753618.694,3753376.668,292.801,0.043,-0.00384,33.558,62621.96211,-84.25757896,33.89028099
0,28242262,753618.631,3753376.957,295.201,0.075,0.0683,33.005,62621.97518,-84.25757956,33.89028361
0,28242263,753618.689,3753376.857,294.866,0.098,0.05801,33.104,62621.97522,-84.25757895,33.8902827
0,28242264,753618.708,3753376.836,294.526,0.141,0.04772,33.119,62621.97525,-84.25757876,33.8902825
0,28242265,753618.712,3753376.844,294.185,0.122,0.03743,33.104,62621.97528,-84.25757872,33.89028257
0,28242266,753618.735,3753376.815,293.845,0.129,0.02714,33.135,62621.97532,-84.25757848,33.8902823
0,28242267,753618.73,3753376.839,293.504,0.114,0.01685,33.109,62621.97535,-84.25757852,33.89028253
0,28242268,753618.737,3753376.841,293.164,0.078,0.00656,33.112,62621.97538,-84.25757845,33.89028254
0,28242269,753618.772,3753376.788,292.821,0.071,-0.00374,33.18,62621.97541,-84.25757809,33.89028205
0,28242334,753618.778,3753376.927,295.534,0.063,0.07849,32.811,62621.98846,-84.25757798,33.89028331
0,28242335,753618.791,3753376.918,295.197,0.11,0.0682,32.806,62621.98849,-84.25757784,33.89028322
0,28242336,753618.773,3753376.968,294.857,0.106,0.05791,32.737,62621.98852,-84.25757802,33.89028368
0,28242337,753618.828,3753376.874,294.523,0.114,0.04762,32.834,62621.98855,-84.25757745,33.89028281
0,28242338,753618.806,3753376.933,294.184,0.141,0.03733,32.762,62621.98859,-84.25757767,33.89028335
0,28242339,753618.834,3753376.894,293.847,0.153,0.02704,32.804,62621.98862,-84.25757738,33.89028299
0,28242340,753618.843,3753376.891,293.51,0.137,0.01675,32.809,62621.98865,-84.25757728,33.89028296
0,28242341,753618.85,3753376.893,293.172,0.11,0.00645,32.811,62621.98868,-84.25757721,33.89028298
0,28242342,753618.861,3753376.886,292.835,0.078,-0.00384,32.828,62621.98872,-84.25757709,33.89028291
0,28242343,753618.873,3753376.878,292.496,0.063,-0.01413,32.849,62621.98875,-84.25757696,33.89028283
0,28242407,753618.931,3753376.902,295.529,0.106,0.07849,32.597,62622.00177,-84.25757633,33.89028304
0,28242408,753618.887,3753377.004,295.187,0.094,0.0682,32.466,62622.0018,-84.25757678,33.89028397
0,28242409,753618.911,3753376.971,294.855,0.137,0.05791,32.491,62622.00183,-84.25757653,33.89028367
0,28242410,753618.943,3753376.923,294.522,0.165,0.04762,32.536,62622.00186,-84.2575762,33.89028323
0,28242411,753618.947,3753376.93,294.187,0.18,0.03733,32.523,62622.0019,-84.25757615,33.89028329
0,28242412,753618.94,3753376.96,293.852,0.157,0.02704,32.487,62622.00193,-84.25757622,33.89028356
0,28242413,753618.936,3753376.983,293.518,0.157,0.01675,32.463,62622.00196,-84.25757626,33.89028377
0,28242414,753618.953,3753376.964,293.184,0.125,0.00645,32.489,62622.00199,-84.25757608,33.89028359
0,28242415,753618.96,3753376.966,292.849,0.082,-0.00384,32.495,62622.00203,-84.257576,33.89028361
0,28242416,753618.934,3753377.032,292.517,0.071,-0.01413,32.433,62622.00206,-84.25757626,33.89028421
0,28242481,753619.036,3753376.952,295.847,0.027,0.08888,32.316,62622.01504,-84.25757518,33.89028346
0,28242482,753619.014,3753377.011,295.51,0.086,0.07859,32.231,62622.01508,-84.2575754,33.890284
0,28242483,753618.995,3753377.065,295.175,0.114,0.0683,32.155,62622.01511,-84.2575756,33.89028449
0,28242484,753619.032,3753377.006,294.847,0.173,0.05801,32.209,62622.01514,-84.25757521,33.89028395
0,28242485,753619.058,3753376.97,294.516,0.243,0.04772,32.24,62622.01518,-84.25757495,33.89028362
0,28242486,753619.058,3753376.985,294.184,0.231,0.03743,32.218,62622.01521,-84.25757494,33.89028376
0,28242487,753619.079,3753376.957,293.853,0.255,0.02714,32.247,62622.01524,-84.25757472,33.8902835
0,28242488,753619.051,3753377.027,293.522,0.231,0.01685,32.17,62622.01527,-84.257575,33.89028414
0,28242489,753619.068,3753377.009,293.19,0.145,0.00655,32.195,62622.01531,-84.25757482,33.89028397
0,28242490,753619.054,3753377.052,292.86,0.098,-0.00374,32.155,62622.01534,-84.25757496,33.89028436
0,28242491,753619.053,3753377.068,292.529,0.094,-0.01403,32.149,62622.01537,-84.25757496,33.8902845
0,28242492,753619.096,3753376.999,292.195,0.035,-0.02432,32.241,62622.0154,-84.25757452,33.89028388
0,28242560,753619.103,3753377.095,295.815,0.051,0.08878,31.911,62622.02836,-84.25757442,33.89028474
0,28242561,753619.124,3753377.068,295.488,0.098,0.07849,31.924,62622.02839,-84.2575742,33.89028449
0,28242562,753619.133,3753377.065,295.16,0.149,0.0682,31.912,62622.02842,-84.2575741,33.89028446
0,28242563,753619.172,3753377.003,294.834,0.259,0.05791,31.969,62622.02845,-84.2575737,33.89028389
0,28242564,753619.168,3753377.025,294.504,0.443,0.04762,31.935,62622.02849,-84.25757373,33.89028409
0,28242565,753619.176,3753377.026,294.176,0.447,0.03733,31.929,62622.02852,-84.25757366,33.8902841
0,28242566,753619.182,3753377.029,293.847,0.447,0.02704,31.924,62622.02855,-84.25757359,33.89028412
0,28242567,753619.19,3753377.026,293.519,0.478,0.01674,31.928,62622.02858,-84.2575735,33.8902841
0,28242568,753619.184,3753377.053,293.19,0.192,0.00645,31.902,62622.02862,-84.25757356,33.89028434
0,28242569,753619.188,3753377.061,292.862,0.11,-0.00384,31.902,62622.02865,-84.25757351,33.89028441
0,28242570,753619.213,3753377.025,292.532,0.09,-0.01413,31.954,62622.02868,-84.25757325,33.89028408
0,28242571,753619.195,3753377.075,292.206,0.067,-0.02442,31.912,62622.02872,-84.25757343,33.89028454
0,28242640,753619.182,3753377.198,296.115,0.055,0.09907,31.574,62622.04163,-84.25757353,33.89028565
0,28242641,753619.198,3753377.182,295.791,0.031,0.08878,31.571,62622.04167,-84.25757337,33.8902855
0,28242642,753619.212,3753377.17,295.467,0.078,0.07849,31.566,62622.0417,-84.25757322,33.89028539
0,28242643,753619.238,3753377.132,295.144,0.145,0.0682,31.593,62622.04173,-84.25757295,33.89028504
0,28242644,753619.273,3753377.078,294.821,0.745,0.05791,31.642,62622.04176,-84.25757259,33.89028454
0,28242645,753619.273,3753377.093,294.495,0.812,0.04762,31.616,62622.0418,-84.25757259,33.89028468
0,28242646,753619.291,3753377.072,294.17,0.824,0.03733,31.634,62622.04183,-84.2575724,33.89028449
0,28242647,753619.291,3753377.086,293.844,0.831,0.02704,31.616,62622.04186,-84.25757239,33.89028462
0,28242648,753619.294,3753377.095,293.519,0.835,0.01675,31.607,62622.0419,-84.25757236,33.8902847
0,28242649,753619.3,3753377.097,293.194,0.353,0.00645,31.61,62622.04193,-84.25757229,33.89028471
0,28242650,753619.287,3753377.137,292.87,0.141,-0.00384,31.573,62622.04196,-84.25757242,33.89028507
0,28242651,753619.338,3753377.052,292.541,0.118,-0.01413,31.68,62622.04199,-84.2575719,33.89028429
0,28242652,753619.348,3753377.046,292.215,0.071,-0.02442,31.701,62622.04203,-84.25757179,33.89028424
0,28242720,753619.32,3753377.186,296.424,0.11,0.10946,31.37,62622.05491,-84.25757204,33.8902855
0,28242721,753619.375,3753377.092,296.108,0.071,0.09917,31.45,62622.05494,-84.25757148,33.89028465
0,28242722,753619.319,3753377.218,295.774,0.086,0.08888,31.286,62622.05498,-84.25757205,33.8902858
0,28242723,753619.333,3753377.205,295.453,0.098,0.07859,31.283,62622.05501,-84.25757191,33.89028568
0,28242724,753619.356,3753377.174,295.132,0.165,0.0683,31.303,62622.05504,-84.25757167,33.89028539
0,28242725,753619.363,3753377.175,294.81,0.745,0.05801,31.29,62622.05507,-84.25757159,33.89028539
0,28242726,753619.384,3753377.146,294.489,0.827,0.04772,31.313,62622.05511,-84.25757137,33.89028513
0,28242727,753619.38,3753377.169,294.166,0.808,0.03743,31.282,62622.05514,-84.25757141,33.89028534
0,28242728,753619.387,3753377.17,293.845,0.796,0.02714,31.279,62622.05517,-84.25757133,33.89028535
0,28242729,753619.401,3753377.157,293.523,0.839,0.01685,31.295,62622.0552,-84.25757119,33.89028523
0,28242730,753619.402,3753377.17,293.201,0.443,0.00655,31.285,62622.05524,-84.25757117,33.89028534
0,28242731,753619.408,3753377.171,292.879,0.212,-0.00374,31.292,62622.05527,-84.2575711,33.89028535
0,28242732,753619.428,3753377.147,292.556,0.204,-0.01403,31.33,62622.0553,-84.2575709,33.89028513
0,28242733,753619.423,3753377.17,292.234,0.192,-0.02432,31.318,62622.05534,-84.25757094,33.89028534
0,28242734,753619.429,3753377.173,291.911,0.18,-0.03461,31.333,62622.05537,-84.25757087,33.89028536
0,28242801,753619.437,3753377.23,296.394,0.102,0.10936,31.076,62622.06822,-84.25757077,33.89028588
0,28242802,753619.407,3753377.305,296.066,0.094,0.09907,30.967,62622.06825,-84.25757108,33.89028656
0,28242803,753619.412,3753377.309,295.747,0.063,0.08878,30.941,62622.06828,-84.25757102,33.89028659
0,28242804,753619.446,3753377.256,295.432,0.118,0.07849,30.983,62622.06832,-84.25757067,33.8902861
0,28242805,753619.449,3753377.264,295.112,0.153,0.0682,30.959,62622.06835,-84.25757063,33.89028617
0,28242806,753619.472,3753377.234,294.795,0.757,0.05791,30.981,62622.06838,-84.2575704,33.8902859
0,28242807,753619.476,3753377.239,294.476,0.831,0.04762,30.966,62622.06841,-84.25757035,33.89028595
0,28242808,753619.487,3753377.232,294.157,0.776,0.03733,30.969,62622.06845,-84.25757023,33.89028588
0,28242809,753619.494,3753377.233,293.839,0.831,0.02704,30.966,62622.06848,-84.25757016,33.89028588
0,28242810,753619.49,3753377.254,293.52,0.816,0.01674,30.943,62622.06851,-84.25757019,33.89028608
0,28242811,753619.492,3753377.264,293.202,0.737,0.00645,30.937,62622.06854,-84.25757016,33.89028616
0,28242812,753619.515,3753377.234,292.883,0.153,-0.00384,30.978,62622.06858,-84.25756993,33.89028589
0,28242813,753619.532,3753377.214,292.563,0.129,-0.01413,31.011,62622.06861,-84.25756975,33.89028571
0,28242814,753619.493,3753377.305,292.248,0.11,-0.02442,30.924,62622.06864,-84.25757014,33.89028654
0,28242815,753619.464,3753377.376,291.933,0.051,-0.03471,30.862,62622.06867,-84.25757044,33.89028718
0,28242882,753619.496,3753377.391,296.355,0.11,0.10936,30.652,62622.08153,-84.25757009,33.89028731
0,28242883,753619.511,3753377.375,296.04,0.082,0.09907,30.645,62622.08156,-84.25756993,33.89028716
0,28242884,753619.472,3753377.465,295.717,0.063,0.08878,30.523,62622.08159,-84.25757032,33.89028798
0,28242885,753619.552,3753377.322,295.412,0.106,0.07849,30.666,62622.08162,-84.2575695,33.89028667
0,28242886,753619.572,3753377.296,295.098,0.149,0.0682,30.679,62622.08166,-84.2575693,33.89028644
0,28242887,753619.579,3753377.297,294.782,0.753,0.05791,30.667,62622.08169,-84.25756922,33.89028644
0,28242888,753619.576,3753377.317,294.466,0.808,0.04762,30.636,62622.08172,-84.25756925,33.89028662
0,28242889,753619.576,3753377.329,294.151,0.808,0.03733,30.617,62622.08175,-84.25756924,33.89028673
0,28242890,753619.598,3753377.301,293.836,0.843,0.02704,30.646,62622.08179,-84.25756901,33.89028648
0,28242891,753619.603,3753377.304,293.52,0.816,0.01674,30.644,62622.08182,-84.25756895,33.8902865
0,28242892,753619.605,3753377.315,293.205,0.761,0.00645,30.637,62622.08185,-84.25756893,33.8902866
0,28242893,753619.608,3753377.324,292.89,0.176,-0.00384,30.634,62622.08189,-84.2575689,33.89028668
0,28242894,753619.644,3753377.267,292.573,0.137,-0.01413,30.709,62622.08192,-84.25756853,33.89028616
0,28242895,753619.624,3753377.319,292.259,0.082,-0.02442,30.665,62622.08195,-84.25756872,33.89028663
0,28242963,753619.565,3753377.53,296.322,0.122,0.10946,30.252,62622.09484,-84.2575693,33.89028854
0,28242964,753619.595,3753377.484,296.014,0.067,0.09917,30.279,62622.09487,-84.25756899,33.89028812
0,28242965,753619.695,3753377.3,295.716,0.122,0.08888,30.464,62622.0949,-84.25756797,33.89028645
0,28242966,753619.658,3753377.387,295.396,0.11,0.07859,30.35,62622.09493,-84.25756834,33.89028723
0,28242967,753619.641,3753377.434,295.081,0.165,0.0683,30.282,62622.09497,-84.2575685,33.89028766
0,28242968,753619.678,3753377.375,294.772,0.741,0.05801,30.336,62622.095,-84.25756813,33.89028713
0,28242969,753619.675,3753377.395,294.459,0.812,0.04772,30.306,62622.09503,-84.25756815,33.8902873
0,28242970,753619.683,3753377.393,294.148,0.804,0.03743,30.303,62622.09506,-84.25756807,33.89028728
0,28242971,753619.684,3753377.406,293.836,0.824,0.02714,30.286,62622.0951,-84.25756806,33.8902874
0,28242972,753619.692,3753377.402,293.524,0.812,0.01685,30.291,62622.09513,-84.25756796,33.89028737
0,28242973,753619.68,3753377.441,293.213,0.749,0.00655,30.252,62622.09516,-84.25756809,33.89028772
0,28242974,753619.719,3753377.378,292.9,0.165,-0.00374,30.33,62622.0952,-84.25756769,33.89028714
0,28242975,753619.726,3753377.378,292.588,0.125,-0.01403,30.341,62622.09523,-84.25756761,33.89028714
0,28242976,753619.734,3753377.376,292.275,0.094,-0.02432,30.357,62622.09526,-84.25756753,33.89028712
0,28242977,753619.727,3753377.402,291.964,0.043,-0.03461,30.345,62622.09529,-84.25756759,33.89028736
0,28243043,753619.647,3753377.631,296.595,0.133,0.11965,29.922,62622.10811,-84.25756839,33.89028944
0,28243044,753619.676,3753377.587,296.29,0.122,0.10936,29.944,62622.10814,-84.25756809,33.89028903
0,28243045,753619.723,3753377.508,295.989,0.067,0.09907,30.009,62622.10818,-84.25756761,33.89028831
0,28243046,753619.783,3753377.401,295.688,0.09,0.08878,30.108,62622.10821,-84.25756698,33.89028734
0,28243047,753619.773,3753377.434,295.375,0.133,0.07849,30.053,62622.10824,-84.25756708,33.89028764
0,28243048,753619.763,3753377.469,295.064,0.176,0.0682,29.999,62622.10828,-84.25756718,33.89028795
0,28243049,753619.772,3753377.465,294.755,0.78,0.05791,29.992,62622.10831,-84.25756709,33.89028791
0,28243050,753619.776,3753377.471,294.447,0.824,0.04762,29.977,62622.10834,-84.25756704,33.89028797
0,28243051,753619.776,3753377.484,294.138,0.824,0.03733,29.958,62622.10837,-84.25756703,33.89028808
0,28243052,753619.783,3753377.484,293.83,0.835,0.02703,29.955,62622.10841,-84.25756696,33.89028808
0,28243053,753619.789,3753377.486,293.521,0.831,0.01674,29.954,62622.10844,-84.2575669,33.8902881
0,28243054,753619.789,3753377.499,293.213,0.765,0.00645,29.944,62622.10847,-84.25756689,33.89028821
0,28243055,753619.823,3753377.445,292.904,0.169,-0.00384,30.012,62622.1085,-84.25756654,33.89028772
0,28243056,753619.832,3753377.442,292.595,0.114,-0.01413,30.026,62622.10854,-84.25756645,33.89028769
0,28243057,753619.887,3753377.347,292.281,0.09,-0.02442,30.147,62622.10857,-84.25756588,33.89028682
0,28243124,753619.742,3753377.72,296.56,0.122,0.11965,29.578,62622.12143,-84.25756734,33.89029021
0,28243125,753619.78,3753377.657,296.261,0.102,0.10936,29.622,62622.12146,-84.25756694,33.89028964
0,28243126,753619.807,3753377.618,295.959,0.055,0.09907,29.642,62622.12149,-84.25756667,33.89028928
0,28243127,753619.892,3753377.463,295.666,0.063,0.08878,29.796,62622.12152,-84.25756579,33.89028786
0,28243128,753619.887,3753377.486,295.357,0.114,0.07849,29.752,62622.12156,-84.25756584,33.89028807
0,28243129,753619.863,3753377.546,295.048,0.165,0.0682,29.67,62622.12159,-84.25756607,33.89028862
0,28243130,753619.849,3753377.588,294.74,0.796,0.05791,29.612,62622.12162,-84.25756622,33.890289
0,28243131,753619.869,3753377.562,294.436,0.827,0.04762,29.632,62622.12165,-84.25756601,33.89028876
0,28243132,753619.875,3753377.563,294.131,0.824,0.03733,29.626,62622.12169,-84.25756594,33.89028877
0,28243133,753619.883,3753377.56,293.827,0.827,0.02703,29.627,62622.12172,-84.25756585,33.89028874
0,28243134,753619.884,3753377.573,293.522,0.82,0.01674,29.614,62622.12175,-84.25756585,33.89028886
0,28243135,753619.893,3753377.569,293.217,0.757,0.00645,29.623,62622.12178,-84.25756575,33.89028882
0,28243136,753619.911,3753377.546,292.912,0.161,-0.00384,29.656,62622.12182,-84.25756556,33.89028861
0,28243137,753619.958,3753377.468,292.604,0.125,-0.01413,29.754,62622.12185,-84.25756508,33.89028789
0,28243138,753619.946,3753377.504,292.299,0.086,-0.02442,29.727,62622.12188,-84.2575652,33.89028822
0,28243139,753619.924,3753377.562,291.996,0.031,-0.03471,29.679,62622.12192,-84.25756542,33.89028875
0,28243205,753619.859,3753377.765,296.533,0.141,0.11975,29.284,62622.13473,-84.25756606,33.89029059
0,28243206,753619.898,3753377.701,296.237,0.11,0.10946,29.329,62622.13477,-84.25756566,33.89029001
0,28243207,753619.917,3753377.675,295.937,0.075,0.09917,29.334,62622.1348,-84.25756546,33.89028977
0,28243208,753619.903,3753377.717,295.631,0.067,0.08888,29.267,62622.13483,-84.2575656,33.89029015
0,28243209,753619.97,3753377.597,295.338,0.118,0.07859,29.384,62622.13487,-84.25756491,33.89028906
0,28243210,753619.98,3753377.591,295.036,0.18,0.0683,29.377,62622.1349,-84.2575648,33.89028899
0,28243211,753619.967,3753377.631,294.732,0.808,0.05801,29.321,62622.13493,-84.25756493,33.89028936
0,28243212,753619.966,3753377.645,294.429,0.839,0.04772,29.297,62622.13496,-84.25756493,33.89028948
0,28243213,753619.981,3753377.628,294.128,0.835,0.03743,29.31,62622.135,-84.25756478,33.89028933
0,28243214,753619.976,3753377.652,293.827,0.839,0.02714,29.282,62622.13503,-84.25756482,33.89028954
0,28243215,753619.985,3753377.648,293.525,0.804,0.01684,29.287,62622.13506,-84.25756473,33.89028951
0,28243216,753619.986,3753377.659,293.224,0.749,0.00655,29.279,62622.13509,-84.25756472,33.89028961
0,28243217,753620.014,3753377.617,292.922,0.227,-0.00374,29.333,62622.13513,-84.25756443,33.89028922
0,28243218,753620.015,3753377.628,292.62,0.208,-0.01403,29.331,62622.13516,-84.25756441,33.89028932
0,28243219,753620.028,3753377.615,292.317,0.2,-0.02432,29.359,62622.13519,-84.25756427,33.8902892
0,28243220,753620.034,3753377.617,292.015,0.184,-0.03461,29.374,62622.13522,-84.25756421,33.89028922
0,28243287,753620.022,3753377.731,296.209,0.098,0.10936,29.052,62622.14807,-84.2575643,33.89029024
0,28243288,753620.055,3753377.678,295.914,0.09,0.09907,29.087,62622.14811,-84.25756396,33.89028976
0,28243289,753620.09,3753377.624,295.619,0.094,0.08878,29.129,62622.14814,-84.25756361,33.89028926
0,28243290,753620.086,3753377.645,295.317,0.122,0.07849,29.088,62622.14817,-84.25756364,33.89028945
0,28243291,753620.06,3753377.709,295.014,0.165,0.0682,29.001,62622.1482,-84.25756391,33.89029004
0,28243292,753620.064,3753377.715,294.715,0.808,0.05791,28.984,62622.14824,-84.25756386,33.89029009
0,28243293,753620.067,3753377.721,294.417,0.839,0.04762,28.969,62622.14827,-84.25756382,33.89029014
0,28243294,753620.073,3753377.723,294.119,0.851,0.03732,28.961,62622.1483,-84.25756376,33.89029017
0,28243295,753620.079,3753377.723,293.821,0.859,0.02703,28.959,62622.14834,-84.25756369,33.89029016
0,28243296,753620.085,3753377.725,293.523,0.855,0.01674,28.958,62622.14837,-84.25756363,33.89029018
0,28243297,753620.096,3753377.717,293.225,0.765,0.00645,28.971,62622.1484,-84.25756352,33.8902901
0,28243298,753620.126,3753377.671,292.925,0.161,-0.00384,29.03,62622.14843,-84.25756321,33.89028968
0,28243299,753620.161,3753377.615,292.625,0.122,-0.01413,29.103,62622.14847,-84.25756284,33.89028917
0,28243300,753620.13,3753377.688,292.328,0.102,-0.02442,29.035,62622.1485,-84.25756315,33.89028983
0,28243301,753620.119,3753377.724,292.031,0.063,-0.03471,29.011,62622.14853,-84.25756326,33.89029016
0,28243368,753620.054,3753377.945,296.165,0.047,0.10936,28.567,62622.16139,-84.2575639,33.89029217
0,28243369,753620.217,3753377.635,295.898,0.071,0.09907,28.892,62622.16142,-84.25756223,33.89028934
0,28243370,753620.192,3753377.698,295.596,0.086,0.08878,28.802,62622.16145,-84.25756248,33.89028991
0,28243371,753620.205,3753377.686,295.3,0.102,0.07849,28.799,62622.16148,-84.25756235,33.89028979
0,28243372,753620.199,3753377.71,295.002,0.149,0.0682,28.757,62622.16152,-84.2575624,33.89029002
0,28243373,753620.173,3753377.775,294.703,0.753,0.05791,28.673,62622.16155,-84.25756267,33.89029061
0,28243374,753620.169,3753377.795,294.407,0.761,0.04762,28.643,62622.16158,-84.2575627,33.89029079
0,28243375,753620.174,3753377.799,294.112,0.765,0.03732,28.634,62622.16161,-84.25756265,33.89029082
0,28243376,753620.173,3753377.813,293.818,0.757,0.02703,28.616,62622.16165,-84.25756265,33.89029095
0,28243377,753620.18,3753377.813,293.523,0.745,0.01674,28.617,62622.16168,-84.25756258,33.89029095
0,28243378,753620.191,3753377.803,293.229,0.722,0.00645,28.632,62622.16171,-84.25756246,33.89029086
0,28243379,753620.249,3753377.702,292.932,0.125,-0.00384,28.752,62622.16174,-84.25756187,33.89028993
0,28243380,753620.285,3753377.644,292.633,0.102,-0.01413,28.828,62622.16178,-84.25756149,33.8902894
0,28243381,753620.239,3753377.748,292.341,0.078,-0.02442,28.724,62622.16181,-84.25756196,33.89029035
0,28243444,753620.296,3753377.768,295.576,0.047,0.08888,28.481,62622.17476,-84.25756133,33.89029051
0,28243445,753620.321,3753377.731,295.285,0.102,0.07859,28.505,62622.17479,-84.25756107,33.89029018
0,28243446,753620.309,3753377.769,294.989,0.133,0.0683,28.449,62622.17482,-84.2575612,33.89029052
0,28243447,753620.295,3753377.81,294.695,0.212,0.05801,28.392,62622.17486,-84.25756134,33.89029089
0,28243448,753620.273,3753377.865,294.401,0.251,0.04772,28.322,62622.17489,-84.25756155,33.89029139
0,28243449,753620.316,3753377.793,294.111,0.255,0.03743,28.397,62622.17492,-84.25756112,33.89029074
0,28243450,753620.308,3753377.821,293.818,0.227,0.02713,28.364,62622.17495,-84.25756119,33.89029099
0,28243451,753620.317,3753377.817,293.527,0.231,0.01684,28.37,62622.17499,-84.25756109,33.89029095
0,28243452,753620.333,3753377.798,293.234,0.18,0.00655,28.395,62622.17502,-84.25756093,33.89029077
0,28243453,753620.369,3753377.74,292.941,0.102,-0.00374,28.467,62622.17505,-84.25756056,33.89029024
0,28243454,753620.363,3753377.764,292.648,0.086,-0.01403,28.45,62622.17508,-84.25756061,33.89029046
0,28243455,753620.331,3753377.841,292.359,0.031,-0.02432,28.377,62622.17512,-84.25756094,33.89029116
0,28243518,753620.382,3753377.875,295.547,0.035,0.08877,28.118,62622.18806,-84.25756037,33.89029146
0,28243519,753620.403,3753377.846,295.26,0.098,0.07848,28.133,62622.1881,-84.25756016,33.89029119
0,28243520,753620.411,3753377.843,294.97,0.106,0.06819,28.123,62622.18813,-84.25756007,33.89029116
0,28243521,753620.432,3753377.815,294.682,0.165,0.0579,28.143,62622.18816,-84.25755986,33.89029091
0,28243522,753620.427,3753377.837,294.392,0.169,0.04761,28.111,62622.1882,-84.2575599,33.8902911
0,28243523,753620.438,3753377.828,294.103,0.192,0.03732,28.116,62622.18823,-84.25755978,33.89029102
0,28243524,753620.445,3753377.827,293.813,0.176,0.02703,28.115,62622.18826,-84.25755971,33.89029101
0,28243525,753620.447,3753377.835,293.524,0.192,0.01674,28.107,62622.18829,-84.25755968,33.89029108
0,28243526,753620.47,3753377.802,293.234,0.165,0.00645,28.148,62622.18833,-84.25755944,33.89029078
0,28243527,753620.471,3753377.812,292.945,0.098,-0.00384,28.143,62622.18836,-84.25755943,33.89029087
0,28243528,753620.462,3753377.844,292.656,0.075,-0.01413,28.117,62622.18839,-84.25755953,33.89029116
0,28243592,753620.524,3753377.885,295.243,0.078,0.07848,27.847,62622.20141,-84.25755884,33.89029151
0,28243593,753620.551,3753377.844,294.959,0.102,0.06819,27.879,62622.20144,-84.25755857,33.89029114
0,28243594,753620.545,3753377.868,294.671,0.145,0.0579,27.841,62622.20147,-84.25755862,33.89029136
0,28243595,753620.57,3753377.832,294.385,0.161,0.04761,27.874,62622.20151,-84.25755836,33.89029102
0,28243596,753620.554,3753377.875,294.098,0.145,0.03732,27.821,62622.20154,-84.25755852,33.89029141
0,28243597,753620.564,3753377.867,293.811,0.149,0.02703,27.827,62622.20157,-84.25755841,33.89029134
0,28243598,753620.568,3753377.872,293.525,0.133,0.01674,27.823,62622.20161,-84.25755837,33.89029138
0,28243599,753620.581,3753377.859,293.239,0.11,0.00645,27.841,62622.20164,-84.25755823,33.89029127
0,28243600,753620.608,3753377.817,292.951,0.094,-0.00384,27.895,62622.20167,-84.25755795,33.89029088
0,28243601,753620.69,3753377.667,292.659,0.075,-0.01413,28.073,62622.2017,-84.25755711,33.89028951
0,28243665,753620.594,3753378.023,295.228,0.059,0.07858,27.449,62622.21472,-84.25755804,33.89029274
0,28243666,753620.653,3753377.919,294.951,0.09,0.06829,27.552,62622.21475,-84.25755744,33.89029179
0,28243667,753620.646,3753377.945,294.667,0.098,0.058,27.512,62622.21479,-84.25755751,33.89029203
0,28243668,753620.666,3753377.917,294.384,0.114,0.04771,27.536,62622.21482,-84.25755729,33.89029177
0,28243669,753620.676,3753377.911,294.101,0.11,0.03742,27.538,62622.21485,-84.25755719,33.89029171
0,28243670,753620.675,3753377.925,293.818,0.133,0.02713,27.52,62622.21488,-84.2575572,33.89029184
0,28243671,753620.714,3753377.861,293.535,0.137,0.01684,27.593,62622.21492,-84.2575568,33.89029125
0,28243672,753620.684,3753377.931,293.252,0.102,0.00655,27.518,62622.21495,-84.2575571,33.89029189
0,28243673,753620.701,3753377.909,292.968,0.078,-0.00374,27.549,62622.21498,-84.25755692,33.89029169
0,28243674,753620.725,3753377.874,292.683,0.035,-0.01403,27.598,62622.21501,-84.25755667,33.89029137
0,28243739,753620.766,3753377.973,294.94,0.055,0.06819,27.249,62622.22806,-84.2575562,33.89029225
0,28243740,753620.77,3753377.978,294.659,0.098,0.0579,27.233,62622.22809,-84.25755616,33.89029229
0,28243741,753620.802,3753377.926,294.38,0.11,0.04761,27.283,62622.22813,-84.25755583,33.89029182
0,28243742,753620.78,3753377.981,294.099,0.106,0.03732,27.217,62622.22816,-84.25755604,33.89029231
0,28243743,753620.791,3753377.973,293.819,0.102,0.02703,27.224,62622.22819,-84.25755593,33.89029224
0,28243744,753620.815,3753377.936,293.539,0.114,0.01674,27.266,62622.22823,-84.25755568,33.8902919
0,28243745,753620.834,3753377.911,293.258,0.075,0.00645,27.298,62622.22826,-84.25755548,33.89029167
0,28243746,753620.821,3753377.949,292.978,0.063,-0.00384,27.262,62622.22829,-84.25755561,33.89029202
0,28243812,753620.825,3753378.134,294.925,0.055,0.06819,26.826,62622.24137,-84.25755552,33.89029368
0,28243813,753620.938,3753377.922,294.658,0.078,0.0579,27.053,62622.2414,-84.25755436,33.89029175
0,28243814,753620.939,3753377.933,294.379,0.094,0.04761,27.033,62622.24144,-84.25755435,33.89029184
0,28243815,753620.919,3753377.983,294.1,0.106,0.03732,26.972,62622.24147,-84.25755454,33.8902923
0,28243816,753620.92,3753377.995,293.823,0.086,0.02703,26.957,62622.2415,-84.25755454,33.89029241
0,28243817,753620.913,3753378.021,293.545,0.114,0.01674,26.929,62622.24154,-84.2575546,33.89029264
0,28243818,753620.968,3753377.924,293.267,0.063,0.00645,27.041,62622.24157,-84.25755404,33.89029176
0,28243886,753620.982,3753378.113,294.649,0.039,0.058,26.597,62622.25471,-84.25755383,33.89029345
0,28243887,753621.036,3753378.017,294.378,0.055,0.04771,26.696,62622.25474,-84.25755327,33.89029258
0,28243888,753621.005,3753378.092,294.102,0.09,0.03742,26.608,62622.25478,-84.25755359,33.89029326
0,28243889,753621.039,3753378.037,293.829,0.071,0.02713,26.668,62622.25481,-84.25755324,33.89029275
0,28243890,753621.015,3753378.096,293.555,0.063,0.01684,26.602,62622.25484,-84.25755348,33.8902933
0,28243960,753621.16,3753378.05,294.374,0.082,0.04761,26.417,62622.26805,-84.25755192,33.89029285
0,28243961,753621.117,3753378.147,294.1,0.039,0.03732,26.304,62622.26808,-84.25755236,33.89029373
0,28243962,753621.067,3753378.258,293.828,0.059,0.02703,26.178,62622.26812,-84.25755286,33.89029474
0,28243963,753621.111,3753378.183,293.559,0.067,0.01674,26.263,62622.26815,-84.25755241,33.89029405
0,28244035,753621.209,3753378.256,293.833,0.043,0.02703,25.938,62622.28143,-84.25755134,33.89029469
1,28334852,753928.521,3753117.034,297.716,0.855,0.08882,14.993,62638.59204,-84.25430712,33.88786743
1,28334853,753928.534,3753117.014,297.563,0.78,0.07854,15.006,62638.59208,-84.25430698,33.88786724
1,28334854,753928.543,3753117.002,297.409,0.871,0.06825,15.011,62638.59211,-84.25430689,33.88786714
1,28334855,753928.549,3753116.996,297.255,0.855,0.05797,15.012,62638.59214,-84.25430682,33.88786708
1,28334856,753928.556,3753116.989,297.101,0.863,0.04769,15.014,62638.59218,-84.25430676,33.88786702
1,28334857,753928.563,3753116.981,296.947,0.867,0.0374,15.02,62638.59221,-84.25430668,33.88786695
1,28334858,753928.577,3753116.959,296.793,0.867,0.02712,15.043,62638.59224,-84.25430653,33.88786674
1,28334859,753928.584,3753116.951,296.638,0.867,0.01683,15.052,62638.59227,-84.25430646,33.88786667
1,28334860,753928.593,3753116.94,296.483,0.863,0.00655,15.066,62638.59231,-84.25430637,33.88786657
1,28334946,753928.623,3753117.11,297.695,0.824,0.08872,14.654,62638.60536,-84.25430599,33.88786809
1,28334947,753928.632,3753117.099,297.545,0.773,0.07843,14.657,62638.60539,-84.2543059,33.88786799
1,28334948,753928.636,3753117.097,297.394,0.831,0.06815,14.651,62638.60542,-84.25430586,33.88786797
1,28334949,753928.638,3753117.099,297.243,0.835,0.05787,14.642,62638.60546,-84.25430584,33.88786799
1,28334950,753928.654,3753117.074,297.094,0.859,0.04758,14.666,62638.60549,-84.25430567,33.88786776
1,28334951,753928.679,3753117.028,296.944,0.318,0.0373,14.714,62638.60552,-84.25430541,33.88786734
1,28334952,753928.682,3753117.03,296.792,0.275,0.02702,14.71,62638.60556,-84.25430538,33.88786736
1,28334953,753928.687,3753117.026,296.641,0.275,0.01673,14.715,62638.60559,-84.25430533,33.88786732
1,28334954,753928.69,3753117.026,296.49,0.369,0.00645,14.716,62638.60562,-84.2543053,33.88786732
1,28335045,753928.714,3753117.208,297.669,0.8,0.08871,14.29,62638.61867,-84.25430498,33.88786895
1,28335046,753928.727,3753117.188,297.523,0.851,0.07843,14.303,62638.61871,-84.25430484,33.88786876
1,28335047,753928.732,3753117.185,297.376,0.831,0.06815,14.299,62638.61874,-84.25430479,33.88786874
1,28335048,753928.736,3753117.182,297.229,0.839,0.05786,14.296,62638.61877,-84.25430475,33.88786871
1,28335049,753928.746,3753117.169,297.083,0.863,0.04758,14.306,62638.6188,-84.25430465,33.88786859
1,28335050,753928.774,3753117.118,296.937,0.263,0.0373,14.36,62638.61884,-84.25430436,33.88786812
1,28335051,753928.777,3753117.118,296.789,0.239,0.02702,14.358,62638.61887,-84.25430432,33.88786813
1,28335052,753928.785,3753117.108,296.641,0.22,0.01673,14.369,62638.6189,-84.25430424,33.88786804
1,28335053,753928.799,3753117.087,296.493,0.329,0.00645,14.394,62638.61894,-84.2543041,33.88786784
1,28335150,753928.819,3753117.278,297.647,0.824,0.08881,13.957,62638.63198,-84.25430383,33.88786956
1,28335151,753928.824,3753117.274,297.504,0.827,0.07853,13.953,62638.63202,-84.25430377,33.88786951
1,28335152,753928.835,3753117.258,297.361,0.827,0.06825,13.963,62638.63205,-84.25430366,33.88786937
1,28335153,753928.84,3753117.255,297.217,0.843,0.05796,13.961,62638.63208,-84.25430361,33.88786934
1,28335154,753928.838,3753117.265,297.073,0.859,0.04768,13.945,62638.63211,-84.25430363,33.88786943
1,28335155,753928.858,3753117.231,296.931,0.267,0.0374,13.98,62638.63215,-84.25430342,33.88786912
1,28335156,753928.865,3753117.222,296.787,0.235,0.02712,13.988,62638.63218,-84.25430335,33.88786904
1,28335157,753928.88,3753117.198,296.643,0.216,0.01683,14.015,62638.63221,-84.25430319,33.88786882
1,28335158,753928.887,3753117.19,296.499,0.294,0.00655,14.025,62638.63225,-84.25430312,33.88786875
1,28335257,753928.92,3753117.355,297.621,0.812,0.08871,13.616,62638.64529,-84.25430271,33.88787023
1,28335258,753928.921,3753117.359,297.481,0.82,0.07843,13.603,62638.64533,-84.2543027,33.88787026
1,28335259,753928.933,3753117.341,297.342,0.769,0.06814,13.616,62638.64536,-84.25430257,33.8878701
1,28335260,753928.934,3753117.346,297.202,0.761,0.05786,13.605,62638.64539,-84.25430257,33.88787014
1,28335261,753928.939,3753117.341,297.062,0.847,0.04758,13.606,62638.64542,-84.25430251,33.88787009
1,28335262,753928.953,3753117.319,296.922,0.263,0.0373,13.628,62638.64546,-84.25430236,33.88786989
1,28335263,753928.972,3753117.287,296.783,0.247,0.02701,13.662,62638.64549,-84.25430217,33.8878696
1,28335264,753928.985,3753117.267,296.642,0.231,0.01673,13.684,62638.64552,-84.25430204,33.88786942
1,28335265,753928.998,3753117.246,296.501,0.275,0.00645,13.709,62638.64555,-84.2543019,33.88786923
1,28335366,753928.992,3753117.486,297.729,0.847,0.09899,13.224,62638.65857,-84.2543019,33.88787139
1,28335367,753929.013,3753117.45,297.596,0.835,0.0887,13.256,62638.6586,-84.25430168,33.88787106
1,28335368,753929.026,3753117.43,297.461,0.859,0.07842,13.27,62638.65864,-84.25430155,33.88787087
1,28335369,753929.028,3753117.431,297.324,0.859,0.06814,13.261,62638.65867,-84.25430153,33.88787089
1,28335370,753929.041,3753117.411,297.189,0.847,0.05786,13.278,62638.6587,-84.25430139,33.8878707
1,28335371,753929.04,3753117.418,297.052,0.859,0.04758,13.266,62638.65873,-84.2543014,33.88787077
1,28335372,753929.07,3753117.364,296.917,0.259,0.03729,13.323,62638.65877,-84.25430109,33.88787027
1,28335373,753929.063,3753117.385,296.779,0.235,0.02701,13.299,62638.6588,-84.25430116,33.88787046
1,28335374,753929.071,3753117.374,296.643,0.212,0.01673,13.311,62638.65883,-84.25430108,33.88787036
1,28335375,753929.091,3753117.34,296.505,0.255,0.00645,13.35,62638.65887,-84.25430087,33.88787005
1,28335474,753929.101,3753117.547,297.704,0.843,0.09908,12.901,62638.67188,-84.2543007,33.88787192
1,28335475,753929.108,3753117.54,297.572,0.82,0.0888,12.901,62638.67191,-84.25430063,33.88787184
1,28335476,753929.12,3753117.521,297.44,0.855,0.07852,12.914,62638.67195,-84.2543005,33.88787167
1,28335477,753929.133,3753117.501,297.309,0.757,0.06824,12.929,62638.67198,-84.25430037,33.88787149
1,28335478,753929.135,3753117.503,297.176,0.776,0.05796,12.922,62638.67201,-84.25430035,33.8878715
1,28335479,753929.144,3753117.491,297.043,0.843,0.04768,12.931,62638.67204,-84.25430026,33.88787139
1,28335480,753929.14,3753117.503,296.91,0.302,0.03739,12.914,62638.67208,-84.25430029,33.88787151
1,28335481,753929.156,3753117.478,296.777,0.255,0.02711,12.941,62638.67211,-84.25430013,33.88787128
1,28335482,753929.169,3753117.456,296.644,0.255,0.01683,12.965,62638.67214,-84.25429999,33.88787108
1,28335483,753929.185,3753117.432,296.511,0.282,0.00655,12.994,62638.67218,-84.25429983,33.88787085
1,28335574,753929.213,3753117.603,297.677,0.851,0.09898,12.584,62638.68519,-84.25429947,33.88787239
1,28335575,753929.21,3753117.615,297.547,0.855,0.0887,12.562,62638.68523,-84.2542995,33.8878725
1,28335576,753929.224,3753117.593,297.419,0.863,0.07842,12.579,62638.68526,-84.25429936,33.8878723
1,28335577,753929.227,3753117.593,297.289,0.855,0.06813,12.572,62638.68529,-84.25429933,33.8878723
1,28335578,753929.222,3753117.609,297.159,0.859,0.05785,12.549,62638.68532,-84.25429938,33.88787244
1,28335579,753929.241,3753117.576,297.031,0.855,0.04757,12.582,62638.68536,-84.25429918,33.88787214
1,28335580,753929.252,3753117.56,296.902,0.859,0.03729,12.597,62638.68539,-84.25429907,33.88787199
1,28335581,753929.25,3753117.568,296.773,0.859,0.02701,12.587,62638.68542,-84.25429908,33.88787206
1,28335582,753929.26,3753117.554,296.643,0.859,0.01673,12.602,62638.68545,-84.25429898,33.88787194
1,28335583,753929.264,3753117.552,296.514,0.855,0.00645,12.606,62638.68549,-84.25429894,33.88787191
2,28356475,754011.695,3753041.196,297.855,0.043,0.05788,17.789,62642.9596,-84.25343058,33.88716419
2,28356476,754011.669,3753041.267,297.67,0.059,0.04759,17.707,62642.95964,-84.25343084,33.88716484
2,28356477,754011.626,3753041.377,297.487,0.078,0.03731,17.585,62642.95967,-84.25343128,33.88716584
2,28356478,754011.651,3753041.337,297.306,0.043,0.02702,17.63,62642.9597,-84.25343102,33.88716547
2,28356543,754011.747,3753041.355,298.02,0.063,0.06816,17.365,62642.97289,-84.25342998,33.88716561
2,28356544,754011.757,3753041.348,297.842,0.071,0.05788,17.368,62642.97292,-84.25342987,33.88716554
2,28356545,754011.769,3753041.337,297.664,0.094,0.04759,17.377,62642.97295,-84.25342975,33.88716544
2,28356546,754011.781,3753041.326,297.485,0.106,0.03731,17.388,62642.97299,-84.25342962,33.88716534
2,28356547,754011.788,3753041.324,297.306,0.075,0.02702,17.391,62642.97302,-84.25342954,33.88716532
2,28356612,754011.849,3753041.404,298.185,0.078,0.07855,17.064,62642.98617,-84.25342886,33.88716603
2,28356613,754011.837,3753041.446,298.007,0.086,0.06826,17.012,62642.9862,-84.25342898,33.8871664
2,28356614,754011.858,3753041.414,297.834,0.114,0.05798,17.042,62642.98624,-84.25342876,33.88716611
2,28356615,754011.915,3753041.305,297.661,0.196,0.04769,17.159,62642.98627,-84.25342818,33.88716512
2,28356616,754011.911,3753041.328,297.484,0.216,0.03741,17.133,62642.9863,-84.25342821,33.88716532
2,28356617,754011.87,3753041.432,297.308,0.102,0.02712,17.019,62642.98634,-84.25342863,33.88716627
2,28356618,754011.886,3753041.41,297.133,0.078,0.01684,17.045,62642.98637,-84.25342846,33.88716607
2,28356683,754011.922,3753041.432,299.383,0.067,0.15044,16.875,62642.99926,-84.25342807,33.88716626
2,28356685,754011.928,3753041.506,298.336,0.055,0.08873,16.707,62642.99945,-84.25342798,33.88716693
2,28356686,754011.972,3753041.423,298.169,0.071,0.07845,16.79,62642.99949,-84.25342752,33.88716617
2,28356687,754011.973,3753041.436,297.996,0.118,0.06816,16.769,62642.99952,-84.25342752,33.88716629
2,28356688,754011.994,3753041.404,297.825,0.212,0.05788,16.8,62642.99955,-84.25342729,33.88716599
2,28356689,754012.013,3753041.377,297.653,0.753,0.04759,16.826,62642.99959,-84.2534271,33.88716575
2,28356690,754012.022,3753041.372,297.48,0.741,0.03731,16.831,62642.99962,-84.253427,33.8871657
2,28356691,754011.999,3753041.436,297.307,0.153,0.02702,16.761,62642.99965,-84.25342723,33.88716628
2,28356692,754011.987,3753041.477,297.135,0.09,0.01674,16.719,62642.99968,-84.25342735,33.88716665
2,28356693,754011.989,3753041.486,296.963,0.071,0.00645,16.713,62642.99972,-84.25342732,33.88716673
2,28356694,754011.939,3753041.608,296.795,0.098,-0.00384,16.584,62642.99975,-84.25342783,33.88716784
2,28356759,754011.926,3753041.699,299.489,0.055,0.16072,16.345,62643.01254,-84.25342794,33.88716866
2,28356760,754011.957,3753041.645,299.328,0.078,0.15044,16.384,62643.01258,-84.25342762,33.88716817
2,28356761,754012.001,3753041.562,299.169,0.086,0.14015,16.457,62643.01261,-84.25342717,33.88716742
2,28356762,754011.962,3753041.704,298.48,0.055,0.09901,16.244,62643.01274,-84.25342755,33.8871687
2,28356763,754012.011,3753041.611,298.319,0.086,0.08873,16.338,62643.01277,-84.25342705,33.88716785
2,28356764,754012.049,3753041.543,298.155,0.106,0.07844,16.405,62643.01281,-84.25342666,33.88716723
2,28356765,754012.08,3753041.489,297.989,0.208,0.06816,16.458,62643.01284,-84.25342634,33.88716673
2,28356766,754012.098,3753041.464,297.821,0.757,0.05788,16.48,62643.01287,-84.25342616,33.88716651
2,28356767,754012.096,3753041.482,297.651,0.792,0.04759,16.458,62643.01291,-84.25342617,33.88716667
2,28356768,754012.1,3753041.488,297.482,0.796,0.03731,16.45,62643.01294,-84.25342613,33.88716672
2,28356769,754012.104,3753041.493,297.312,0.612,0.02702,16.445,62643.01297,-84.25342608,33.88716677
2,28356770,754012.085,3753041.548,297.144,0.114,0.01674,16.387,62643.013,-84.25342627,33.88716727
2,28356771,754012.072,3753041.591,296.976,0.106,0.00645,16.343,62643.01304,-84.2534264,33.88716766
2,28356772,754012.035,3753041.685,296.811,0.078,-0.00383,16.246,62643.01307,-84.25342677,33.88716851
2,28356837,754012.04,3753041.727,299.626,0.067,0.1711,16.081,62643.02583,-84.2534267,33.88716889
2,28356838,754012.043,3753041.733,299.458,0.071,0.16082,16.052,62643.02586,-84.25342667,33.88716894
2,28356839,754012.059,3753041.713,299.295,0.09,0.15054,16.054,62643.02589,-84.25342651,33.88716876
2,28356840,754012.082,3753041.676,299.134,0.071,0.14025,16.077,62643.02592,-84.25342627,33.88716842
2,28356841,754012.106,3753041.637,298.972,0.055,0.12997,16.104,62643.02596,-84.25342602,33.88716806
2,28356842,754012.076,3753041.718,298.798,0.067,0.11968,16,62643.02599,-84.25342632,33.8871688
2,28356843,754012.054,3753041.778,298.627,0.043,0.1094,15.92,62643.02602,-84.25342654,33.88716935
2,28356844,754012.136,3753041.614,298.477,0.082,0.09911,16.09,62643.02606,-84.2534257,33.88716785
2,28356845,754012.141,3753041.615,298.311,0.102,0.08883,16.08,62643.02609,-84.25342564,33.88716786
2,28356846,754012.166,3753041.574,298.148,0.216,0.07854,16.117,62643.02612,-84.25342538,33.88716748
2,28356847,754012.18,3753041.558,297.983,0.745,0.06826,16.129,62643.02615,-84.25342524,33.88716733
2,28356848,754012.182,3753041.569,297.817,0.796,0.05797,16.112,62643.02619,-84.25342522,33.88716743
2,28356849,754012.185,3753041.575,297.651,0.792,0.04769,16.102,62643.02622,-84.25342518,33.88716749
2,28356850,754012.187,3753041.585,297.485,0.616,0.03741,16.09,62643.02625,-84.25342516,33.88716758
2,28356851,754012.19,3753041.592,297.32,0.792,0.02712,16.083,62643.02628,-84.25342513,33.88716764
2,28356852,754012.184,3753041.618,297.155,0.239,0.01684,16.056,62643.02632,-84.25342518,33.88716788
2,28356853,754012.173,3753041.657,296.991,0.11,0.00655,16.018,62643.02635,-84.25342529,33.88716822
2,28356854,754012.211,3753041.586,296.824,0.082,-0.00373,16.101,62643.02638,-84.2534249,33.88716758
2,28356855,754012.166,3753041.699,296.663,0.043,-0.01402,15.984,62643.02642,-84.25342536,33.88716861
2,28356919,754012.158,3753041.746,299.755,0.078,0.18128,15.827,62643.03911,-84.25342543,33.88716903
2,28356920,754012.109,3753041.868,299.571,0.09,0.171,15.669,62643.03914,-84.25342592,33.88717014
2,28356921,754012.184,3753041.744,299.101,0.102,0.14015,15.747,62643.03924,-84.25342515,33.88716901
2,28356922,754012.196,3753041.73,298.94,0.102,0.12986,15.747,62643.03927,-84.25342501,33.88716888
2,28356923,754012.164,3753041.814,298.769,0.098,0.11958,15.64,62643.0393,-84.25342534,33.88716964
2,28356924,754012.152,3753041.854,298.604,0.098,0.10929,15.583,62643.03934,-84.25342546,33.88717
2,28356925,754012.247,3753041.66,298.459,0.122,0.09901,15.785,62643.03937,-84.25342449,33.88716824
2,28356926,754012.252,3753041.662,298.297,0.224,0.08873,15.775,62643.0394,-84.25342443,33.88716825
2,28356927,754012.269,3753041.639,298.136,0.757,0.07844,15.792,62643.03943,-84.25342426,33.88716805
2,28356928,754012.27,3753041.649,297.973,0.761,0.06816,15.775,62643.03947,-84.25342424,33.88716813
2,28356929,754012.261,3753041.683,297.809,0.435,0.05787,15.733,62643.0395,-84.25342433,33.88716844
2,28356930,754012.275,3753041.665,297.648,0.573,0.04759,15.75,62643.03953,-84.25342418,33.88716828
2,28356931,754012.274,3753041.682,297.486,0.745,0.0373,15.73,62643.03957,-84.25342419,33.88716843
2,28356932,754012.282,3753041.676,297.324,0.792,0.02702,15.737,62643.0396,-84.2534241,33.88716838
2,28356933,754012.279,3753041.698,297.163,0.745,0.01673,15.716,62643.03963,-84.25342413,33.88716857
2,28356934,754012.273,3753041.724,297.002,0.192,0.00645,15.691,62643.03966,-84.25342419,33.8871688
2,28356935,754012.297,3753041.686,296.839,0.114,-0.00383,15.738,62643.0397,-84.25342395,33.88716846
2,28356936,754012.256,3753041.787,296.682,0.075,-0.01412,15.634,62643.03973,-84.25342435,33.88716938
2,28356937,754012.295,3753041.716,296.517,0.051,-0.0244,15.721,62643.03976,-84.25342395,33.88716873
2,28356938,754012.162,3753042.017,296.374,0.035,-0.03469,15.4,62643.03979,-84.2534253,33.88717147
2,28357000,754012.222,3753041.885,299.858,0.078,0.19156,15.441,62643.05239,-84.25342469,33.88717027
2,28357001,754012.26,3753041.814,299.71,0.098,0.18128,15.496,62643.05242,-84.2534243,33.88716962
2,28357002,754012.228,3753041.9,299.535,0.075,0.17099,15.378,62643.05245,-84.25342463,33.88717041
2,28357003,754012.248,3753041.868,299.381,0.078,0.16071,15.393,62643.05249,-84.25342441,33.88717011
2,28357004,754012.217,3753041.95,299.21,0.106,0.15042,15.283,62643.05252,-84.25342473,33.88717086
2,28357005,754012.251,3753041.889,299.06,0.102,0.14014,15.333,62643.05255,-84.25342438,33.8871703
2,28357006,754012.298,3753041.8,298.912,0.118,0.12986,15.416,62643.05259,-84.2534239,33.88716948
2,28357007,754012.303,3753041.8,298.753,0.11,0.11957,15.401,62643.05262,-84.25342384,33.88716949
2,28357008,754012.295,3753041.833,298.591,0.118,0.10929,15.353,62643.05265,-84.25342392,33.88716978
2,28357009,754012.338,3753041.751,298.44,0.224,0.09901,15.432,62643.05268,-84.25342348,33.88716903
2,28357010,754012.346,3753041.747,298.281,0.761,0.08872,15.428,62643.05272,-84.2534234,33.887169
2,28357011,754012.342,3753041.769,298.121,0.796,0.07844,15.396,62643.05275,-84.25342344,33.8871692
2,28357012,754012.353,3753041.758,297.963,0.788,0.06815,15.402,62643.05278,-84.25342332,33.8871691
2,28357013,754012.358,3753041.76,297.805,0.608,0.05787,15.395,62643.05282,-84.25342326,33.88716911
2,28357014,754012.359,3753041.772,297.647,0.792,0.04759,15.38,62643.05285,-84.25342325,33.88716921
2,28357015,754012.365,3753041.771,297.489,0.792,0.0373,15.38,62643.05288,-84.25342318,33.8871692
2,28357016,754012.366,3753041.781,297.33,0.745,0.02702,15.369,62643.05291,-84.25342317,33.8871693
2,28357017,754012.363,3753041.802,297.173,0.796,0.01673,15.348,62643.05295,-84.2534232,33.88716949
2,28357018,754012.362,3753041.815,297.015,0.733,0.00645,15.337,62643.05298,-84.2534232,33.88716961
2,28357019,754012.373,3753041.805,296.857,0.145,-0.00383,15.354,62643.05301,-84.25342308,33.88716951
2,28357020,754012.41,3753041.738,296.696,0.102,-0.01412,15.435,62643.05304,-84.2534227,33.8871689
2,28357021,754012.375,3753041.826,296.542,0.078,-0.0244,15.346,62643.05308,-84.25342305,33.8871697
2,28357022,754012.396,3753041.794,296.382,0.047,-0.03469,15.392,62643.05311,-84.25342284,33.88716941
2,28357084,754012.333,3753041.923,299.974,0.063,0.20194,15.169,62643.06567,-84.25342349,33.88717059
2,28357085,754012.335,3753041.932,299.815,0.086,0.19166,15.134,62643.0657,-84.25342346,33.88717067
2,28357086,754012.3,3753042.021,299.642,0.09,0.18137,15.011,62643.06573,-84.25342381,33.88717148
2,28357087,754012.301,3753042.034,299.485,0.082,0.17109,14.975,62643.06577,-84.2534238,33.88717159
2,28357088,754012.34,3753041.959,299.341,0.09,0.16081,15.038,62643.0658,-84.25342339,33.88717091
2,28357089,754012.346,3753041.96,299.185,0.094,0.15052,15.018,62643.06583,-84.25342333,33.88717091
2,28357090,754012.356,3753041.951,299.031,0.09,0.14024,15.011,62643.06586,-84.25342323,33.88717083
2,28357091,754012.383,3753041.905,298.881,0.094,0.12996,15.046,62643.0659,-84.25342295,33.88717041
2,28357092,754012.409,3753041.859,298.731,0.102,0.11967,15.083,62643.06593,-84.25342268,33.88716999
2,28357093,754012.41,3753041.871,298.575,0.165,0.10939,15.058,62643.06596,-84.25342267,33.88717009
2,28357094,754012.428,3753041.844,298.422,0.765,0.0991,15.076,62643.066,-84.25342248,33.88716985
2,28357095,754012.434,3753041.844,298.267,0.749,0.08882,15.068,62643.06603,-84.25342242,33.88716985
2,28357096,754012.438,3753041.848,298.111,0.788,0.07854,15.056,62643.06606,-84.25342237,33.88716989
2,28357097,754012.441,3753041.854,297.956,0.796,0.06825,15.044,62643.06609,-84.25342234,33.88716994
2,28357098,754012.442,3753041.865,297.801,0.8,0.05797,15.027,62643.06613,-84.25342232,33.88717004
2,28357099,754012.448,3753041.865,297.647,0.792,0.04769,15.025,62643.06616,-84.25342226,33.88717003
2,28357100,754012.449,3753041.875,297.492,0.753,0.0374,15.012,62643.06619,-84.25342225,33.88717013
2,28357101,754012.45,3753041.885,297.338,0.796,0.02712,15.002,62643.06622,-84.25342223,33.88717021
2,28357102,754012.452,3753041.894,297.184,0.788,0.01683,14.994,62643.06626,-84.2534222,33.88717029
2,28357103,754012.451,3753041.908,297.03,0.792,0.00655,14.982,62643.06629,-84.25342221,33.88717042
2,28357104,754012.457,3753041.909,296.876,0.729,-0.00373,14.986,62643.06632,-84.25342215,33.88717043
2,28357105,754012.496,3753041.837,296.719,0.137,-0.01402,15.072,62643.06636,-84.25342175,33.88716977
2,28357106,754012.475,3753041.896,296.567,0.09,-0.0243,15.016,62643.06639,-84.25342196,33.8871703
2,28357107,754012.499,3753041.855,296.409,0.075,-0.03459,15.071,62643.06642,-84.25342171,33.88716993
2,28357108,754012.41,3753042.061,296.27,0.027,-0.04487,14.855,62643.06645,-84.25342261,33.88717181
2,28357169,754012.35,3753042.183,299.884,0.071,0.20183,14.624,62643.07898,-84.25342323,33.88717292
2,28357170,754012.35,3753042.194,299.729,0.09,0.19155,14.587,62643.07901,-84.25342322,33.88717302
2,28357171,754012.416,3753042.062,299.601,0.094,0.18127,14.71,62643.07905,-84.25342255,33.88717182
2,28357172,754012.413,3753042.081,299.445,0.086,0.17098,14.668,62643.07908,-84.25342257,33.88717199
2,28357173,754012.419,3753042.08,299.293,0.09,0.1607,14.649,62643.07911,-84.25342251,33.88717198
2,28357174,754012.438,3753042.05,299.146,0.098,0.15042,14.664,62643.07914,-84.25342231,33.8871717
2,28357175,754012.452,3753042.033,298.997,0.118,0.14013,14.666,62643.07918,-84.25342217,33.88717155
2,28357176,754012.459,3753042.029,298.846,0.11,0.12985,14.655,62643.07921,-84.25342209,33.88717151
2,28357177,754012.473,3753042.012,298.696,0.129,0.11957,14.661,62643.07924,-84.25342194,33.88717135
2,28357178,754012.501,3753041.963,298.55,0.141,0.10928,14.702,62643.07928,-84.25342166,33.88717091
2,28357179,754012.513,3753041.949,298.4,0.737,0.099,14.707,62643.07931,-84.25342153,33.88717078
2,28357180,754012.519,3753041.949,298.248,0.788,0.08872,14.7,62643.07934,-84.25342147,33.88717077
2,28357181,754012.525,3753041.947,298.097,0.796,0.07843,14.694,62643.07937,-84.2534214,33.88717076
2,28357182,754012.524,3753041.964,297.945,0.8,0.06815,14.67,62643.07941,-84.25342141,33.88717091
2,28357183,754012.528,3753041.967,297.794,0.745,0.05787,14.662,62643.07944,-84.25342137,33.88717094
2,28357184,754012.53,3753041.974,297.643,0.804,0.04758,14.652,62643.07947,-84.25342134,33.887171
2,28357185,754012.532,3753041.984,297.493,0.792,0.0373,14.64,62643.0795,-84.25342132,33.88717109
2,28357186,754012.539,3753041.98,297.342,0.796,0.02702,14.645,62643.07954,-84.25342124,33.88717105
2,28357187,754012.541,3753041.989,297.192,0.8,0.01673,14.637,62643.07957,-84.25342122,33.88717113
2,28357188,754012.54,3753042.003,297.042,0.792,0.00645,14.625,62643.0796,-84.25342122,33.88717125
2,28357189,754012.545,3753042.005,296.891,0.757,-0.00383,14.628,62643.07963,-84.25342117,33.88717127
2,28357190,754012.553,3753042,296.741,0.216,-0.01412,14.64,62643.07967,-84.25342109,33.88717122
2,28357191,754012.563,3753041.991,296.589,0.208,-0.0244,14.658,62643.0797,-84.25342098,33.88717114
2,28357192,754012.563,3753042.002,296.439,0.196,-0.03469,14.656,62643.07973,-84.25342097,33.88717124
2,28357193,754012.58,3753041.979,296.286,0.208,-0.04497,14.692,62643.07977,-84.2534208,33.88717103
2,28357254,754012.456,3753042.256,299.682,0.075,0.19154,14.262,62643.09233,-84.25342205,33.88717356
2,28357255,754012.473,3753042.233,299.538,0.051,0.18126,14.266,62643.09236,-84.25342188,33.88717334
2,28357256,754012.558,3753042.082,299.116,0.035,0.15041,14.374,62643.09246,-84.25342101,33.88717197
2,28357257,754012.551,3753042.108,298.964,0.055,0.14013,14.329,62643.09249,-84.25342107,33.8871722
2,28357258,754012.542,3753042.142,298.813,0.078,0.12985,14.277,62643.09253,-84.25342116,33.88717251
2,28357259,754012.572,3753042.087,298.671,0.125,0.11956,14.324,62643.09256,-84.25342085,33.88717201
2,28357260,754012.612,3753042.011,298.531,0.129,0.10928,14.396,62643.09259,-84.25342044,33.88717131
2,28357261,754012.604,3753042.042,298.38,0.192,0.099,14.352,62643.09262,-84.25342052,33.88717159
2,28357262,754012.607,3753042.048,298.232,0.753,0.08871,14.338,62643.09266,-84.25342049,33.88717164
2,28357263,754012.613,3753042.048,298.084,0.761,0.07843,14.331,62643.09269,-84.25342043,33.88717164
2,28357264,754012.609,3753042.067,297.936,0.424,0.06815,14.304,62643.09272,-84.25342046,33.88717181
2,28357265,754012.617,3753042.063,297.789,0.49,0.05786,14.304,62643.09275,-84.25342038,33.88717178
2,28357266,754012.622,3753042.063,297.642,0.537,0.04758,14.301,62643.09279,-84.25342032,33.88717178
2,28357267,754012.624,3753042.072,297.495,0.553,0.0373,14.291,62643.09282,-84.2534203,33.88717185
2,28357268,754012.635,3753042.059,297.348,0.639,0.02702,14.305,62643.09285,-84.25342018,33.88717174
2,28357269,754012.625,3753042.093,297.202,0.792,0.01673,14.269,62643.09289,-84.25342028,33.88717205
2,28357270,754012.628,3753042.099,297.055,0.741,0.00645,14.266,62643.09292,-84.25342025,33.8871721
2,28357271,754012.641,3753042.084,296.908,0.345,-0.00383,14.288,62643.09295,-84.25342011,33.88717196
2,28357272,754012.684,3753042.002,296.757,0.114,-0.01412,14.385,62643.09298,-84.25341967,33.88717121
2,28357273,754012.65,3753042.089,296.614,0.094,-0.0244,14.297,62643.09302,-84.25342001,33.887172
2,28357274,754012.684,3753042.026,296.463,0.043,-0.03468,14.376,62643.09305,-84.25341966,33.88717142
2,28357336,754012.595,3753042.26,299.502,0.059,0.18135,13.981,62643.10568,-84.25342056,33.88717355
2,28357337,754012.635,3753042.184,299.369,0.075,0.17107,14.045,62643.10571,-84.25342015,33.88717286
2,28357338,754012.617,3753042.235,299.216,0.082,0.16079,13.969,62643.10574,-84.25342033,33.88717333
2,28357339,754012.624,3753042.232,299.072,0.078,0.15051,13.955,62643.10577,-84.25342025,33.8871733
2,28357340,754012.615,3753042.263,298.924,0.102,0.14022,13.905,62643.10581,-84.25342033,33.88717358
2,28357341,754012.666,3753042.163,298.792,0.11,0.12994,14.001,62643.10584,-84.25341981,33.88717266
2,28357342,754012.667,3753042.173,298.646,0.102,0.11966,13.977,62643.10587,-84.2534198,33.88717275
2,28357343,754012.722,3753042.063,298.513,0.098,0.10938,14.086,62643.10591,-84.25341924,33.88717175
2,28357344,754012.719,3753042.083,298.366,0.125,0.0991,14.054,62643.10594,-84.25341927,33.88717193
2,28357345,754012.694,3753042.15,298.217,0.42,0.08881,13.973,62643.10597,-84.25341952,33.88717254
2,28357346,754012.691,3753042.169,298.072,0.788,0.07853,13.945,62643.106,-84.25341955,33.88717271
2,28357347,754012.697,3753042.167,297.928,0.725,0.06825,13.941,62643.10604,-84.25341948,33.8871727
2,28357348,754012.696,3753042.18,297.785,0.792,0.05796,13.923,62643.10607,-84.25341948,33.88717281
2,28357349,754012.703,3753042.177,297.642,0.796,0.04768,13.924,62643.1061,-84.25341941,33.88717278
2,28357350,754012.707,3753042.18,297.499,0.796,0.0374,13.919,62643.10613,-84.25341937,33.88717281
2,28357351,754012.705,3753042.197,297.356,0.8,0.02712,13.901,62643.10617,-84.25341939,33.88717296
2,28357352,754012.706,3753042.207,297.213,0.745,0.01683,13.892,62643.1062,-84.25341937,33.88717305
2,28357353,754012.708,3753042.214,297.07,0.306,0.00655,13.887,62643.10623,-84.25341935,33.88717312
2,28357354,754012.75,3753042.135,296.925,0.125,-0.00373,13.979,62643.10626,-84.25341892,33.88717239
2,28357355,754012.781,3753042.079,296.779,0.071,-0.01402,14.047,62643.1063,-84.2534186,33.88717188
2,28357356,754012.801,3753042.047,296.632,0.071,-0.0243,14.09,62643.10633,-84.25341839,33.88717159
2,28357419,754012.712,3753042.311,299.317,0.11,0.17097,13.649,62643.11902,-84.25341928,33.88717399
2,28357420,754012.686,3753042.379,299.165,0.094,0.16068,13.555,62643.11905,-84.25341954,33.88717461
2,28357421,754012.705,3753042.349,299.029,0.11,0.1504,13.572,62643.11908,-84.25341934,33.88717433
2,28357422,754012.721,3753042.326,298.892,0.114,0.14012,13.581,62643.11912,-84.25341918,33.88717412
2,28357423,754012.705,3753042.372,298.746,0.067,0.12983,13.516,62643.11915,-84.25341933,33.88717454
2,28357424,754012.788,3753042.201,298.625,0.047,0.11956,13.693,62643.11918,-84.25341848,33.88717298
2,28357425,754012.832,3753042.117,298.492,0.09,0.10927,13.774,62643.11921,-84.25341804,33.88717221
2,28357426,754012.817,3753042.16,298.346,0.114,0.09899,13.716,62643.11925,-84.25341818,33.88717261
2,28357427,754012.81,3753042.188,298.203,0.157,0.08871,13.678,62643.11928,-84.25341825,33.88717286
2,28357428,754012.778,3753042.269,298.058,0.753,0.07842,13.582,62643.11931,-84.25341857,33.8871736
2,28357429,754012.782,3753042.274,297.918,0.792,0.06814,13.571,62643.11935,-84.25341854,33.88717364
2,28357430,754012.785,3753042.279,297.778,0.792,0.05786,13.562,62643.11938,-84.2534185,33.88717368
2,28357431,754012.789,3753042.28,297.639,0.796,0.04758,13.558,62643.11941,-84.25341845,33.88717369
2,28357432,754012.793,3753042.284,297.499,0.796,0.0373,13.553,62643.11944,-84.25341841,33.88717372
2,28357433,754012.798,3753042.285,297.36,0.749,0.02701,13.552,62643.11948,-84.25341836,33.88717373
2,28357434,754012.81,3753042.269,297.221,0.286,0.01673,13.571,62643.11951,-84.25341823,33.88717359
2,28357435,754012.857,3753042.178,297.079,0.122,0.00645,13.674,62643.11954,-84.25341775,33.88717276
2,28357436,754012.887,3753042.125,296.937,0.11,-0.00383,13.737,62643.11957,-84.25341745,33.88717227
2,28357437,754012.85,3753042.216,296.8,0.067,-0.01412,13.643,62643.11961,-84.25341781,33.8871731
2,28357438,754012.773,3753042.397,296.669,0.059,-0.0244,13.452,62643.11964,-84.25341859,33.88717474
2,28357439,754012.858,3753042.223,296.519,0.067,-0.03468,13.652,62643.11967,-84.25341773,33.88717316
2,28357440,754012.855,3753042.24,296.38,0.039,-0.04496,13.644,62643.1197,-84.25341775,33.88717331
2,28357502,754012.77,3753042.491,299.121,0.11,0.16067,13.177,62643.13236,-84.2534186,33.8871756
2,28357503,754012.77,3753042.504,298.982,0.094,0.15039,13.146,62643.1324,-84.2534186,33.88717572
2,28357504,754012.8,3753042.447,298.854,0.094,0.14011,13.194,62643.13243,-84.25341828,33.88717519
2,28357505,754012.899,3753042.252,298.602,0.059,0.11955,13.383,62643.1325,-84.25341727,33.88717341
2,28357506,754012.797,3753042.489,298.442,0.051,0.10927,13.111,62643.13253,-84.25341831,33.88717557
2,28357507,754012.932,3753042.202,298.331,0.063,0.09899,13.418,62643.13256,-84.25341693,33.88717295
2,28357508,754012.906,3753042.272,298.188,0.129,0.0887,13.333,62643.13259,-84.2534172,33.88717359
2,28357509,754012.884,3753042.331,298.047,0.18,0.07842,13.261,62643.13263,-84.25341741,33.88717413
2,28357510,754012.867,3753042.38,297.908,0.753,0.06814,13.202,62643.13266,-84.25341759,33.88717458
2,28357511,754012.874,3753042.376,297.773,0.788,0.05786,13.203,62643.13269,-84.25341751,33.88717453
2,28357512,754012.872,3753042.392,297.637,0.784,0.04758,13.183,62643.13272,-84.25341753,33.88717468
2,28357513,754012.879,3753042.387,297.501,0.765,0.03729,13.187,62643.13276,-84.25341745,33.88717463
2,28357514,754012.913,3753042.325,297.366,0.196,0.02701,13.256,62643.13279,-84.2534171,33.88717406
2,28357515,754012.929,3753042.3,297.23,0.149,0.01673,13.285,62643.13282,-84.25341693,33.88717383
2,28357516,754012.973,3753042.215,297.092,0.102,0.00645,13.381,62643.13286,-84.25341648,33.88717306
2,28357517,754012.992,3753042.185,296.953,0.063,-0.00383,13.419,62643.13289,-84.25341629,33.88717278
2,28357518,754013.032,3753042.11,296.812,0.055,-0.01412,13.507,62643.13292,-84.25341588,33.8871721
2,28357519,754012.921,3753042.363,296.686,0.047,-0.0244,13.236,62643.13295,-84.25341701,33.88717441
2,28357521,754012.876,3753042.483,296.423,0.071,-0.04496,13.123,62643.13302,-84.25341745,33.88717549
2,28357522,754012.936,3753042.364,296.277,0.047,-0.05524,13.265,62643.13305,-84.25341684,33.88717441
2,28357583,754013.054,3753042.217,298.454,0.043,0.10937,13.158,62643.14584,-84.25341561,33.88717306
2,28357584,754013.002,3753042.343,298.309,0.047,0.09908,13.01,62643.14587,-84.25341613,33.88717421
2,28357585,754013.056,3753042.235,298.182,0.075,0.0888,13.122,62643.1459,-84.25341558,33.88717322
2,28357586,754013.011,3753042.346,298.041,0.133,0.07852,12.993,62643.14594,-84.25341604,33.88717423
2,28357587,754012.968,3753042.451,297.902,0.306,0.06824,12.872,62643.14597,-84.25341647,33.88717519
2,28357588,754012.963,3753042.475,297.769,0.753,0.05796,12.842,62643.146,-84.25341652,33.8871754
2,28357589,754012.959,3753042.494,297.637,0.741,0.04767,12.818,62643.14604,-84.25341656,33.88717558
2,28357590,754013.012,3753042.388,297.506,0.18,0.03739,12.934,62643.14607,-84.25341601,33.88717461
2,28357591,754013.042,3753042.333,297.374,0.114,0.02711,12.995,62643.1461,-84.2534157,33.8871741
2,28357592,754013.078,3753042.266,297.24,0.086,0.01683,13.07,62643.14613,-84.25341534,33.88717349
2,28357593,754013.124,3753042.177,297.103,0.078,0.00655,13.171,62643.14617,-84.25341487,33.88717268
2,28357594,754013.05,3753042.349,296.973,0.043,-0.00373,12.986,62643.1462,-84.25341561,33.88717425
2,28357659,754013.106,3753042.401,298.421,0.055,0.10926,12.703,62643.15915,-84.253415,33.8871747
2,28357660,754013.048,3753042.54,298.279,0.035,0.09898,12.541,62643.15918,-84.25341559,33.88717597
2,28357661,754013.128,3753042.372,298.162,0.075,0.0887,12.718,62643.15921,-84.25341476,33.88717444
2,28357662,754013.115,3753042.412,298.029,0.09,0.07842,12.668,62643.15924,-84.25341489,33.8871748
2,28357663,754013.113,3753042.428,297.898,0.102,0.06814,12.645,62643.15928,-84.25341491,33.88717495
2,28357664,754013.081,3753042.509,297.765,0.216,0.05785,12.552,62643.15931,-84.25341524,33.88717569
2,28357665,754013.132,3753042.407,297.638,0.137,0.04757,12.662,62643.15934,-84.25341471,33.88717475
2,28357666,754013.134,3753042.414,297.508,0.098,0.03729,12.653,62643.15937,-84.25341469,33.88717482
2,28357667,754013.129,3753042.436,297.378,0.098,0.02701,12.629,62643.15941,-84.25341474,33.88717502
2,28357668,754013.173,3753042.351,297.248,0.067,0.01673,12.724,62643.15944,-84.25341429,33.88717424
3,28459673,754256.644,3752675.673,304.761,0.047,0.14035,39.12,62660.12134,-84.25089039,33.88381226
3,28459763,754256.726,3752675.862,305.107,0.024,0.15054,38.683,62660.13463,-84.25088944,33.88381394
3,28459764,754256.749,3752675.718,304.723,0.075,0.14025,38.779,62660.13466,-84.25088924,33.88381264
3,28459854,754256.836,3752675.791,305.085,0.059,0.15054,38.459,62660.14795,-84.25088827,33.88381327
3,28459855,754256.849,3752675.894,304.675,0.051,0.14025,38.307,62660.14799,-84.25088811,33.8838142
3,28459945,754256.937,3752675.943,305.039,0.098,0.15064,38.011,62660.16127,-84.25088714,33.88381462
3,28459946,754256.957,3752675.854,304.655,0.067,0.14035,38.053,62660.1613,-84.25088694,33.88381381
3,28460035,754257.05,3752675.818,305.019,0.067,0.15054,37.841,62660.17459,-84.25088595,33.88381347
3,28460036,754257.068,3752675.785,304.632,0.071,0.14025,37.827,62660.17462,-84.25088577,33.88381316
3,28460037,754257.084,3752675.791,304.24,0.055,0.12996,37.777,62660.17465,-84.25088559,33.88381322
3,28460125,754257.139,3752675.881,305.369,0.071,0.16083,37.533,62660.18788,-84.25088497,33.88381401
3,28460126,754257.153,3752675.942,304.973,0.047,0.15054,37.42,62660.18791,-84.25088481,33.88381456
3,28460127,754257.168,3752675.974,304.582,0.106,0.14025,37.341,62660.18794,-84.25088464,33.88381485
3,28460128,754257.189,3752675.863,304.207,0.11,0.12996,37.41,62660.18798,-84.25088444,33.88381384
3,28460217,754257.241,3752676.047,305.316,0.094,0.16093,37.07,62660.2012,-84.25088382,33.88381548
3,28460218,754257.262,3752675.95,304.945,0.082,0.15064,37.118,62660.20123,-84.25088363,33.8838146
3,28460219,754257.276,3752675.978,304.557,0.09,0.14035,37.043,62660.20126,-84.25088346,33.88381485
3,28460220,754257.298,3752675.84,304.189,0.09,0.13006,37.139,62660.2013,-84.25088327,33.8838136
3,28460309,754257.367,3752675.871,305.304,0.059,0.16083,36.952,62660.21452,-84.25088252,33.88381387
3,28460310,754257.381,3752675.923,304.914,0.078,0.15054,36.849,62660.21455,-84.25088235,33.88381434
3,28460311,754257.392,3752676.038,304.519,0.063,0.14025,36.687,62660.21459,-84.2508822,33.88381537
3,28460312,754257.411,3752675.954,304.149,0.059,0.12996,36.73,62660.21462,-84.25088201,33.8838146
3,28460401,754257.479,3752676.012,305.252,0.043,0.16083,36.514,62660.22784,-84.25088126,33.88381511
3,28460402,754257.492,3752676.076,304.865,0.075,0.15054,36.4,62660.22788,-84.2508811,33.88381568
3,28460403,754257.51,3752676.024,304.494,0.09,0.14025,36.407,62660.22791,-84.25088092,33.88381521
3,28460404,754257.534,3752675.829,304.138,0.059,0.12996,36.561,62660.22794,-84.25088072,33.88381345
3,28460494,754257.608,3752676.141,304.83,0.086,0.15064,36.04,62660.24119,-84.25087984,33.88381624
3,28460495,754257.633,3752675.908,304.485,0.098,0.14035,36.229,62660.24123,-84.25087963,33.88381414
3,28460585,754257.73,3752676.041,304.81,0.055,0.15054,35.846,62660.25451,-84.25087854,33.88381531
3,28460586,754257.751,3752675.92,304.453,0.075,0.14025,35.923,62660.25454,-84.25087836,33.88381421
3,28460676,754257.844,3752676.164,304.764,0.055,0.15054,35.427,62660.26783,-84.25087728,33.88381639
3,28460677,754257.864,3752676.054,304.41,0.063,0.14025,35.493,62660.26786,-84.2508771,33.8838154
4,28459592,754256.719,3752675.421,300.742,0.443,0.03733,39.406,62660.10835,-84.25088964,33.88380997
4,28459682,754256.808,3752675.411,301.151,0.384,0.04772,39.13,62660.12164,-84.25088868,33.88380986
4,28459683,754256.825,3752675.421,300.748,0.745,0.03743,39.113,62660.12167,-84.2508885,33.88380994
4,28459773,754256.911,3752675.467,301.145,0.729,0.04762,38.781,62660.13496,-84.25088755,33.88381034
4,28459774,754256.928,3752675.469,300.746,0.776,0.03733,38.772,62660.13499,-84.25088737,33.88381035
4,28459863,754257.015,3752675.514,301.143,0.78,0.04762,38.441,62660.14828,-84.25088642,33.88381073
4,28459864,754257.033,3752675.492,300.748,0.796,0.03733,38.455,62660.14831,-84.25088624,33.88381054
4,28459954,754257.119,3752675.555,301.145,0.792,0.04772,38.107,62660.1616,-84.25088528,33.88381108
4,28459955,754257.136,3752675.55,300.753,0.784,0.03743,38.104,62660.16163,-84.25088511,33.88381103
4,28459956,754257.152,3752675.549,300.361,0.725,0.02714,38.102,62660.16166,-84.25088493,33.88381102
4,28460044,754257.208,3752675.573,301.529,0.639,0.05791,37.807,62660.17488,-84.25088432,33.88381122
4,28460045,754257.225,3752675.577,301.14,0.796,0.04762,37.791,62660.17492,-84.25088414,33.88381126
4,28460046,754257.241,3752675.579,300.751,0.49,0.03733,37.782,62660.17495,-84.25088396,33.88381127
4,28460047,754257.256,3752675.597,300.363,0.792,0.02704,37.761,62660.17498,-84.25088379,33.88381143
4,28460135,754257.314,3752675.604,301.524,0.78,0.05791,37.482,62660.18821,-84.25088317,33.88381148
4,28460136,754257.329,3752675.615,301.138,0.718,0.04762,37.46,62660.18824,-84.250883,33.88381157
4,28460137,754257.345,3752675.629,300.753,0.78,0.03733,37.439,62660.18827,-84.25088283,33.88381169
4,28460138,754257.36,3752675.651,300.368,0.792,0.02704,37.414,62660.1883,-84.25088266,33.88381189
4,28460227,754257.419,3752675.646,301.523,0.804,0.05802,37.147,62660.20153,-84.25088201,33.88381183
4,28460228,754257.434,3752675.68,301.14,0.78,0.04772,37.102,62660.20156,-84.25088185,33.88381213
4,28460229,754257.451,3752675.667,300.759,0.8,0.03743,37.108,62660.20159,-84.25088167,33.88381201
4,28460230,754257.467,3752675.657,300.377,0.792,0.02714,37.115,62660.20162,-84.2508815,33.88381191
4,28460319,754257.534,3752675.687,301.515,0.796,0.05791,36.813,62660.21485,-84.25088076,33.88381217
4,28460320,754257.548,3752675.723,301.136,0.8,0.04762,36.766,62660.21488,-84.2508806,33.88381249
4,28460321,754257.566,3752675.695,300.758,0.808,0.03733,36.787,62660.21491,-84.25088042,33.88381223
4,28460322,754257.581,3752675.698,300.38,0.804,0.02704,36.781,62660.21495,-84.25088025,33.88381226
4,28460411,754257.649,3752675.721,301.511,0.784,0.05791,36.486,62660.22817,-84.25087951,33.88381245
4,28460412,754257.665,3752675.728,301.136,0.549,0.04762,36.468,62660.2282,-84.25087934,33.88381251
4,28460413,754257.679,3752675.751,300.761,0.49,0.03733,36.438,62660.22824,-84.25087918,33.88381271
4,28460414,754257.696,3752675.736,300.386,0.776,0.02704,36.45,62660.22827,-84.250879,33.88381257
4,28460502,754257.764,3752675.761,301.511,0.667,0.05801,36.153,62660.24149,-84.25087826,33.88381278
4,28460503,754257.78,3752675.754,301.139,0.8,0.04772,36.149,62660.24152,-84.25087809,33.88381272
4,28460504,754257.795,3752675.777,300.767,0.796,0.03743,36.119,62660.24155,-84.25087792,33.88381292
4,28460505,754257.81,3752675.776,300.396,0.69,0.02714,36.117,62660.24159,-84.25087776,33.88381291
4,28460594,754257.895,3752675.807,301.135,0.804,0.04762,35.803,62660.25484,-84.25087683,33.88381317
4,28460595,754257.91,3752675.808,300.767,0.796,0.03733,35.796,62660.25487,-84.25087667,33.88381317
4,28460596,754257.928,3752675.759,300.399,0.278,0.02704,35.842,62660.2549,-84.25087649,33.88381272
4,28460685,754258.011,3752675.826,301.135,0.776,0.04762,35.492,62660.26816,-84.25087557,33.8838133
4,28460686,754258.026,3752675.824,300.77,0.792,0.03733,35.487,62660.26819,-84.25087541,33.88381328
4,28460687,754258.043,3752675.787,300.405,0.157,0.02704,35.521,62660.26822,-84.25087524,33.88381295
4,28460776,754258.126,3752675.872,301.138,0.682,0.04772,35.153,62660.28148,-84.25087432,33.88381369
4,28460777,754258.141,3752675.88,300.776,0.741,0.03743,35.138,62660.28151,-84.25087415,33.88381376
4,28460958,754258.356,3752675.646,301.498,0.098,0.05791,34.804,62660.30809,-84.2508719,33.8838116